date,whoop_strain_maxhr,whoop_strain_score,whoop_workout_count,whoop_strain_avghr,whoop_strain_calories,whoop_workout_duration,whoop_sleep_awake_percent,whoop_sleep_disturbances_per_hour,whoop_sleep_duration_deep_percent,whoop_sleep_duration_rem_percent,whoop_recovery_rhr,whoop_recovery_hrv,whoop_sleep_duration_light,whoop_sleep_start_standardized,whoop_sleep_duration_awake,whoop_sleep_duration_total_inbed,whoop_sleep_duration_deep,whoop_sleep_disturbances,whoop_sleep_duration_light_percent,whoop_sleep_cycles,whoop_sleep_duration_rem,whoop_sleep_asleep_percent,whoop_sleep_duration_total_asleep,whoop_sleep_respiratory_rate,whoop_sleep_latency,whoop_recovery_score,whoop_sleep_score_total,whoop_sleep_end_standardized,whoop_sleep_score_consistency,whoop_nap_count,whoop_nap_duration_total_asleep
2020-02-21,191,13.5415914420405,1,92,1136.0707456978967,30.766666666666666,,,,,,,,,,,,,,,,,,,,,,,,,
2020-02-22,148,8.38791215033761,2,79,2052.9780114722753,80.0,14.661000000000001,0.9182578520520439,32.50904901429812,33.038480160920244,65,47.6015,2.2271750000000003,-0.11666666666666714,1.1665402777777778,7.623131111111111,2.101542777777778,7,34.45247082478162,6,2.1357677777777777,85.339,6.464485555555556,12.6562,2.8839166666666665,40,75,7.5,,,
2020-02-23,126,5.04390572560783,,73,1731.7973231357553,,10.7774,1.1868533137585566,27.12896869532101,39.60092021434225,61,52.4784,2.2509941666666666,-1.1333333333333329,0.8259044444444444,7.583076944444445,1.8354958333333333,9,33.27011109033674,6,2.679325,89.2226,6.765815000000001,12.5684,0.0,44,78,6.45,,,
2020-02-24,180,8.56535144525056,1,77,2181.061185468451,53.166666666666664,16.630800000000008,1.0063890529152175,28.911200694306604,23.752828577854736,63,49.3373,2.6769450000000004,-3.5166666666666657,1.3079772222222223,6.9555605555555555,1.6349869444444447,7,47.335970727838664,6,1.3432705555555557,83.36919999999999,5.6552025,12.5098,10.334016666666667,39,65,3.4333333333333336,,,
2020-02-25,178,9.95694014794076,1,72,2135.697896749522,57.61666666666667,10.4024,0.677169725867117,29.953786264494468,33.753372967320985,60,70.2812,1.9103705555555555,-2.8999999999999986,0.6491616666666666,5.906938611111111,1.5766975,4,36.292840768184554,4,1.7766988888888888,89.5976,5.263766944444445,12.5537,1.9225999999999999,52,58,3.0166666666666666,59,,
2020-02-26,165,7.99327659012914,1,71,2121.1137667304015,30.166666666666668,6.653199999999998,0.8410416019893436,25.599765943945002,45.13148266463009,55,98.8647,2.260907222222222,-3.466666666666665,0.6079983333333333,8.323012777777778,1.977491111111111,7,29.268751391424914,8,3.4862469444444444,93.3468,7.724645277777778,12.7148,2.8678833333333333,78,83,4.85,69,,
2020-02-27,171,7.83472694055498,2,72,2070.690726577438,55.93333333333333,16.7744,1.6062267342519283,24.809208267749685,30.78917907627999,57,89.8381,2.2849513888888895,-3.2666666666666657,1.0855333333333335,6.225771111111111,1.2767066666666667,10,44.40161265597033,5,1.5844419444444446,83.2256,5.1461,12.3633,2.54745,73,60,2.966666666666667,80,,
2020-02-28,140,4.82260292983304,,71,2086.214149139579,,9.824100000000001,1.1400749257241185,26.937888913186438,35.85140297363799,59,85.6117,2.9277349999999998,-3.783333333333335,0.9141313888888889,8.771353333333334,2.1194705555555555,10,37.21070811317559,8,2.820785,90.1759,7.867990555555555,12.3047,2.7717666666666667,75,86,5.0,77,,
2020-02-29,145,8.30308211604143,2,73,2145.2772466539195,90.01666666666667,18.790499999999994,1.4935362551258633,31.792250550907493,47.86785778309138,57,69.2478,1.3186844444444443,-1.3999999999999986,1.561436111111111,8.0346225,2.0611686111111114,12,20.339891666001133,8,3.103389166666666,81.2095,6.483242222222222,12.6855,3.0761666666666665,61,78,6.633333333333333,53,,
2020-03-01,153,4.59822627054701,,69,1758.527724665392,,9.545699999999997,1.5587293191356182,26.87589221299354,46.76763476994887,61,55.402300000000004,1.6689391666666666,-1.1833333333333336,0.7328591666666667,7.057030277777779,1.7018297222222223,11,26.35647301705758,5,2.961410555555555,90.4543,6.332179444444445,12.8906,3.3966166666666666,41,72,5.866666666666667,69,,
2020-03-02,176,13.2019308425389,3,79,2444.765774378585,100.13333333333333,14.88669999999999,1.7996547117028137,30.04354066939314,35.06643158349006,56,84.1543,1.8015463888888887,-2.9333333333333336,0.9550516666666666,6.112283611111112,1.5512980555555556,11,34.890027747116804,5,1.8106550000000001,85.11330000000001,5.163499444444445,12.5391,2.739716666666667,73,60,3.1666666666666665,55,,
2020-03-03,161,8.05138866444337,2,77,2009.581739961759,90.85,12.752899999999997,0.8222155015409879,28.718460373503763,26.09671051872618,60,76.87230000000001,2.8614283333333335,-3.616666666666667,0.9734969444444445,7.297356944444445,1.8186594444444446,6,45.18482910777005,7,1.6526313888888888,87.2471,6.332719166666666,12.5098,2.339183333333333,64,67,3.6666666666666665,66,,
2020-03-04,167,10.3622733917812,1,75,2293.585086042065,39.1,14.0899,1.5925394020790398,34.96907522427731,36.16225014679306,60,72.15969999999999,2.02453,-4.666666666666668,1.1590508333333331,8.163063333333334,2.4523447222222226,13,28.868674628929625,6,2.536020833333333,85.9101,7.012895555555556,12.5391,0.0,49,79,3.5,67,,
2020-03-05,166,7.13509886528434,1,75,2013.2480879541108,60.15,15.306600000000003,1.3581337099991426,25.473087884297236,31.533124813308515,62,67.2765,2.661166388888889,-3.633333333333333,1.1809800000000001,7.363045277777777,1.5766958333333332,10,42.993787302394246,7,1.951791111111111,84.6934,6.189653333333334,12.2461,3.28445,46,70,3.7333333333333334,85,,
2020-03-06,133,5.03526416348129,1,74,2026.6921606118547,67.75,14.518900000000002,1.9479416460068257,26.141136166589668,28.302714219422022,60,58.5861,2.777985277777778,-4.016666666666666,1.0964897222222223,7.187073611111112,1.5940699999999999,14,45.556149613988296,7,1.7258816666666665,85.4811,6.097936944444444,12.4805,3.204333333333333,40,69,3.1666666666666665,88,,
2020-03-07,127,4.55668389877488,1,71,1856.0253346080303,51.3,11.93180000000001,1.0365120415552485,21.431635286838773,31.626014486173943,52,123.137,2.7788130555555557,-2.633333333333333,0.8414130555555556,6.753418888888889,1.2686733333333333,7,46.94235022698729,6,1.8721427777777777,88.06819999999999,5.919629166666667,12.334,1.9065833333333333,93,67,5.116666666666666,76,,
2020-03-08,127,4.3017839588762,,67,1647.937380497132,,12.177300000000002,1.523201586386245,37.50443738744934,46.168522199222615,56,109.783,1.1296350000000002,-1.7333333333333343,0.967355,7.878143055555555,2.5948563888888887,12,16.32704041332804,7,3.194306944444444,87.8227,6.918798333333333,12.5391,0.0,90,78,6.133333333333334,61,,
2020-03-09,159,8.54071303742019,2,72,2433.795411089866,93.78333333333333,19.287900000000008,1.0545350995966292,29.368620354218155,39.23145531460166,56,94.96889999999999,1.9093008333333334,-3.8500000000000014,1.5138508333333334,7.58628138888889,1.7857855555555557,8,31.399924331180184,7,2.3855041666666668,80.71209999999999,6.080590555555556,12.6855,3.1562833333333336,74,70,3.75,54,,
2020-03-10,126,5.70261658940164,1,75,1870.881931166348,76.91666666666667,8.342400000000012,1.2559250882549025,30.668683945542895,34.1777198593667,60,66.50699999999999,1.2427494444444445,-0.23333333333333428,0.4505127777777778,3.981129166666667,1.084198888888889,5,35.1535961950904,3,1.208250277777778,91.65759999999999,3.5351986111111113,12.2461,7.4501,34,40,3.7333333333333334,60,,
2020-03-11,147,5.63172485422128,1,73,1856.8116634799233,55.483333333333334,2.9720999999999975,0.7994103194190489,26.627794306806518,40.499500004063506,57,72.92179999999999,1.9774919444444443,-1.0166666666666657,0.2465122222222222,6.254610277777778,1.6018227777777776,5,32.87270568912998,3,2.436289722222222,97.0279,6.0156044444444445,12.1289,3.28445,48,61,5.233333333333333,68,,
2020-03-12,174,7.78670718123296,1,72,2212.476099426386,111.6,10.588399999999993,1.0528304469206757,29.477645996546165,37.227139788801225,59,52.179,2.2526161111111107,-2.116666666666667,0.8419516666666667,7.5985644444444445,1.9943352777777779,8,33.29521421465261,7,2.5186338888888886,89.4116,6.765585277777777,12.2754,1.9065833333333333,29,74,5.483333333333333,70,,
2020-03-13,128,5.21250165643751,1,73,1652.2323135755257,69.6,27.3001,0.2536004572698023,38.03138415191991,33.65762550647855,56,76.1623,0.8013169444444445,-0.6666666666666679,1.1178866666666667,3.9432105555555554,1.0764438888888888,1,28.31099034160154,3,0.9526486111111111,72.6999,2.8304094444444443,12.5391,2.9960666666666667,39,32,3.283333333333333,69,,
2020-03-14,139,5.8042843272298,1,68,2270.869980879541,67.06666666666666,10.817800000000005,1.470825602192772,25.987088946901387,42.399412961006036,57,61.7472,2.8619594444444445,-4.133333333333333,1.1569019444444444,10.19835388888889,2.3526025,15,31.61349809209259,7,3.838404722222222,89.1822,9.052966666666666,12.7441,2.83585,40,89,6.066666666666666,53,,
2020-03-15,160,8.54942836767876,,70,1988.9770554493305,,2.8445000000000107,0.5846181840370736,29.47526606504745,37.89654955758515,57,85.2845,2.1609013888888886,-0.2666666666666657,0.22619611111111113,6.8420725,1.9520897222222222,4,32.62818437736739,5,2.5098150000000006,97.15549999999999,6.622806111111111,12.4512,1.5220666666666667,71,81,6.583333333333333,59,,
2020-03-16,156,10.8958510810777,1,76,2464.555449330784,105.3,25.86699999999999,1.767721345105469,35.48346873842482,32.040613478249334,58,62.3043,1.8940575,-2.5166666666666657,2.096994722222222,7.919800277777778,2.0694636111111113,14,32.47591778332585,6,1.8686697222222224,74.13300000000001,5.832190833333333,12.627,3.1562833333333336,45,68,5.416666666666667,67,,
2020-03-17,136,4.45503908603349,,75,1605.3919694072658,,14.658000000000001,0.6993746036877246,28.10912802941378,27.89516022724814,63,39.9005,1.5927427777777778,-0.14999999999999858,0.6732352777777778,4.289546666666666,1.0176130555555556,3,43.99571174333807,3,1.0098669444444446,85.342,3.620222777777778,12.3047,2.8518666666666665,17,39,4.133333333333334,59,,
2020-03-18,134,4.74056555326622,,73,1961.7949330783938,,12.230699999999999,1.97282630418632,31.30005027758817,39.04883575618444,60,68.0315,2.1106430555555553,-3.833333333333332,1.0013105555555555,8.110191944444445,2.228018611111111,16,29.65111396622738,7,2.779597222222222,87.7693,7.118258888888889,12.4512,0.0,64,72,4.283333333333333,60,,
2020-03-19,131,4.93521587697613,,72,1899.2662523900572,,11.178899999999999,1.3836756027896284,29.586361583907976,40.95736384195794,55,82.04849999999999,1.8769588888888888,-2.9833333333333343,0.8625425,7.2271275,1.8852480555555557,10,29.456274574134078,7,2.609810277777777,88.8211,6.372017222222222,12.1875,3.1883166666666667,87,71,4.233333333333333,76,,
2020-03-20,116,4.22805714457067,,68,2045.1218929254303,,7.645900000000012,1.4900562451079309,23.428211515539463,36.615947631480736,53,85.5324,2.7031336111111113,-3.1000000000000014,0.6245752777777778,7.382271666666667,1.5849894444444446,11,39.955840852979804,5,2.4771797222222225,92.35409999999999,6.765302777777777,12.3633,3.4126166666666666,92,75,4.266666666666667,87,,
2020-03-21,118,4.04466845005387,,62,2284.646271510516,,8.3656,1.5006668067057434,25.93644371992914,45.72064887376545,52,102.038,2.0691969444444447,-0.9166666666666679,0.7047902777777778,7.996445277777778,1.8935111111111111,12,28.3429074063054,7,3.337873055555556,91.6344,7.300581111111112,12.3926,1.7624,95,83,7.083333333333333,48,,
2020-03-22,156,8.78928974336692,,71,2217.0841300191205,,24.401899999999998,1.3333832940530548,29.362213805995268,48.38971557317661,61,63.320600000000006,1.5109244444444445,-1.5,2.2183833333333336,8.999662777777779,1.9940644444444442,12,22.248070620828127,7,3.2862716666666665,75.5981,6.791260555555556,12.5977,0.9773166666666667,52,81,7.5,66,,
2020-03-23,151,6.27482397402555,1,78,1870.198374760994,70.86666666666666,8.937100000000001,1.6380173824357105,26.81870399108906,44.64337498226988,62,54.2667,1.2692155555555555,-0.8000000000000007,0.44250138888888896,4.883953055555555,1.1927538888888887,8,28.53792102664105,2,1.9855008333333333,91.0629,4.447470277777778,13.0078,0.0,36,52,4.083333333333333,64,,
2020-03-24,142,6.24880268569572,1,75,1959.4096558317399,51.53333333333333,10.230099999999993,2.3950613834273726,24.52662744291757,35.30375992547328,57,94.7113,2.2403075,-2.083333333333332,0.6927586111111111,6.262887500000001,1.3678794444444444,15,40.16961263160915,5,1.9689330555555555,89.7699,5.57712,12.4805,3.0120666666666667,83,59,4.183333333333334,70,,
2020-03-25,130,5.47325375271665,1,73,1924.8446462715106,31.483333333333334,13.734200000000001,0.9469160372555849,24.073426844548905,43.54614551647947,60,53.7879,2.053156388888889,-2.3999999999999986,1.060135,7.392418888888888,1.5264316666666669,7,32.38042763897163,7,2.761144722222222,86.2658,6.340732777777777,12.5684,2.531433333333333,29,69,4.983333333333333,74,,
2020-03-26,154,6.55859364254039,,74,1969.6128107074571,,6.482100000000003,1.8659945630694128,24.306499736890608,41.329392347074915,60,77.9504,2.394292777777778,-2.583333333333332,0.5443677777777778,7.502701388888889,1.6935366666666667,14,34.36410791603448,6,2.8795936111111113,93.5179,6.967423055555556,12.4219,3.14025,59,76,4.916666666666667,83,,
2020-03-27,131,7.64096213664704,,72,2161.6969407265774,,6.880099999999999,1.6442829861612507,30.219370353140096,38.432423831277916,57,55.4024,2.2940505555555557,-2.8166666666666664,0.5983725,7.906181666666667,2.2114427777777776,13,31.34820581558199,3,2.812471111111111,93.1199,7.317964444444444,12.5098,2.8518666666666665,36,83,5.083333333333333,91,,
2020-03-28,160,5.81212177955784,1,65,2082.9158699808795,54.0,6.3733999999999895,1.5531020138879676,22.715859228412846,49.81162735046306,53,84.6307,1.9873713888888889,-1.533333333333335,0.5010541666666667,7.7264725,1.6432733333333331,12,27.472513421124095,6,3.6033908333333335,93.62660000000001,7.234035555555555,12.0703,0.0,73,85,6.2,74,,
2020-03-29,140,4.89675501918254,,68,1874.7920650095602,,6.950699999999998,1.1645449544184883,29.155341691591673,38.89767831233028,55,72.5493,2.285770833333333,-0.16666666666666785,0.5817958333333333,7.728340555555556,2.0860322222222223,9,31.946979996078046,7,2.7830855555555556,93.0493,7.15488861111111,12.6562,2.3391499999999996,72,86,7.566666666666666,57,,
2020-03-30,126,4.69808094808012,,69,2048.35086042065,,8.542900000000003,1.126062369466694,32.52626601366418,35.449895415004335,60,48.5653,1.5523447222222222,-0.5500000000000007,0.48741694444444444,5.328301666666666,1.576699722222222,6,32.02383857133148,2,1.7184216666666667,91.4571,4.847466111111111,12.5391,1.6822833333333334,28,58,4.783333333333333,69,1,1.3935369444444445
2020-03-31,167,10.2042763086299,1,79,1992.9326003824092,66.53333333333333,3.9923,0.5191927907773477,27.970958487822443,54.82281305193125,54,79.6097,0.6363458333333333,1.1333333333333333,0.1585527777777778,3.8521336111111113,1.0344627777777777,2,17.206228460246304,2,2.027537222222222,96.0077,3.698345833333333,12.5977,0.0,62,47,4.983333333333333,66,,
2020-04-01,134,6.07896408689347,,78,1967.3303059273421,,8.77839999999999,1.419409020451856,26.84063885296304,44.88362102154954,63,39.8587,1.9860472222222223,-2.75,0.7336505555555556,7.749704166666667,1.8852477777777776,11,28.275740125487424,4,3.1525608333333333,91.22160000000001,7.023855833333333,12.5391,2.9960666666666667,24,72,4.983333333333333,61,,
2020-04-02,140,7.22357930356277,,80,2036.8021032504778,,8.938100000000006,1.7403502850482815,39.68278416676765,30.54909789415184,62,48.8351,1.7018322222222222,-2.5,0.6101341666666668,6.320566666666667,2.26865,11,29.76811793908051,3,1.7464805555555556,91.0619,5.716962777777778,12.6562,2.54745,33,64,3.8166666666666664,65,,
2020-04-03,130,5.42599070764493,,76,2027.593212237094,,24.098200000000006,1.0449405719075855,31.89785978230167,30.250547509132673,60,80.0126,1.910647777777778,-2.1999999999999993,1.6587730555555555,6.6989455555555555,1.6101191666666668,7,37.85159270856567,5,1.5269672222222224,75.9018,5.047734166666667,12.3633,2.91595,79,56,4.5,80,,
2020-04-04,136,5.02572144493308,,72,1908.9483747609943,,9.915899999999993,1.2259827635337217,22.227341730887694,41.87938928820846,54,76.4081,2.1018083333333335,-0.9499999999999993,0.6767097222222223,6.525377222222222,1.3015702777777778,8,35.893268980903855,5,2.452338611111111,90.0841,5.855717222222222,12.6562,1.5060499999999999,73,63,5.583333333333333,70,,
2020-04-05,151,7.58555820328934,,73,2062.7437858508606,,10.829300000000003,1.464470503308187,29.57169984387653,33.06837417045853,62,57.094100000000005,2.488160277777778,-1.216666666666665,0.860405,7.511247222222223,1.9694666666666665,11,37.35992598566494,7,2.2023441666666668,89.1707,6.659971111111111,12.7148,2.54745,48,74,6.3,74,,
2020-04-06,185,8.22985734068216,,75,2095.2390057361376,,5.456299999999999,1.0225729184439396,22.478478477271942,34.23221734449086,61,51.4192,2.394328888888889,-1.466666666666665,0.3427719444444445,5.867552222222221,1.2432833333333333,6,43.289304178237195,4,1.8933819444444446,94.5437,5.530994166666668,12.3047,1.0414,40,62,4.4,80,,
2020-04-07,145,7.38920830661605,,71,2000.6309751434032,,9.784599999999998,1.6569098664463702,29.35528283024049,47.74918678776115,58,71.80359999999999,1.3598591666666668,-0.9833333333333343,0.7066597222222222,6.638864444444445,1.743530277777778,11,22.89553038199836,6,2.8360194444444446,90.2154,5.939408888888889,13.1836,3.3164833333333332,79,65,5.65,87,,
2020-04-08,136,5.46669693755922,,71,1968.121414913958,,12.049499999999995,1.9050227744480486,25.858304912157582,45.79079090490165,60,57.168499999999995,2.0863102777777778,-2.0666666666666664,1.0494291666666666,8.398849722222222,1.9028827777777777,16,28.350904182940774,8,3.3696913888888886,87.9505,7.358884444444445,12.7734,1.9065833333333333,60,82,6.316666666666666,78,,
2020-04-09,141,4.58127197698056,,72,2029.7323135755257,,14.082899999999995,2.1162210992534147,24.310185060425937,38.824828800573876,57,70.45060000000001,2.3788080555555555,-1.8000000000000007,1.117341388888889,7.560646666666667,1.5686772222222225,16,36.86498613900018,6,2.5052719444444445,85.9171,6.452757222222222,12.7148,3.0120833333333334,82,76,5.766666666666667,87,,
2020-04-10,138,6.0617516364337,,73,1963.6018164435943,,14.335899999999995,2.0998555182744787,33.032060834017635,34.80710797758643,65,38.312,1.5598444444444444,-0.1999999999999993,0.8700275000000001,5.714678888888889,1.6021002777777775,12,32.160831188395925,4,1.6881925,85.6641,4.850137222222221,12.5977,3.1723166666666667,21,55,5.516666666666667,77,,
2020-04-11,147,6.75959232003838,,74,1968.0234225621411,,15.197900000000004,1.9451229861898585,36.910617788933195,37.87301523528415,61,58.0093,1.527233888888889,-0.5166666666666657,1.148884722222222,7.197488333333333,2.235498333333333,14,25.216366975782663,6,2.293786111111111,84.8021,6.056518333333333,12.5391,3.3325,59,65,6.666666666666667,79,,
2020-04-12,172,10.0926243647413,,73,2228.1883365200765,,14.294600000000003,1.756527893831851,30.315616397011034,41.29483625193496,58,65.32849999999999,1.7892561111111112,-1.2333333333333343,1.1074505555555556,7.400964166666667,1.9106469444444443,13,28.389547351054002,6,2.6026141666666667,85.7054,6.302517222222223,12.4805,2.8358333333333334,78,70,6.166666666666667,84,,
2020-04-13,133,5.54634444577182,,74,1857.2609942638621,,8.281999999999996,1.3542534901463574,27.981754749674405,43.302924994848254,60,44.0484,1.9357677777777778,-1.8166666666666664,0.651855,7.384141944444445,1.8863163888888888,10,28.71532025547735,3,2.9191527777777777,91.718,6.741236944444444,12.9492,2.0507833333333334,38,73,5.566666666666666,81,,
2020-04-14,147,5.31321206336578,,74,1995.1434034416825,,12.161699999999996,1.1328781051480814,26.838184812712107,39.59575721096907,61,59.2601,2.3264025000000004,-2.9499999999999993,1.0221630555555554,7.9443675,1.8601058333333333,9,33.56605797631882,7,2.74431,87.8383,6.930818333333334,12.2168,3.2364,68,78,4.983333333333333,69,,
2020-04-15,136,5.05870222385814,,75,1932.5167304015295,,7.8644999999999925,1.0860777999764482,22.692133147710432,44.65810968596936,56,79.8635,2.4854974999999997,-2.3000000000000007,0.6839430555555556,8.286699166666667,1.7274627777777778,9,32.64975716632021,5,3.399646111111111,92.13550000000001,7.6126063888888895,12.6562,1.4579833333333334,94,88,5.983333333333333,83,,
2020-04-16,122,5.54900239587167,,74,1918.838432122371,,11.384,1.291172764690327,25.93555477348714,34.259157983995706,59,61.6077,2.713273888888889,-2.25,0.9374063888888888,7.744896944444445,1.7678622222222224,10,39.80528724251715,7,2.3352294444444444,88.616,6.816365555555556,12.5977,3.1723,68,83,5.5,89,,
2020-04-17,140,6.51588973513585,,76,2143.4823135755255,,12.674099999999996,1.8895275803143698,29.71348556431333,40.0928957937506,61,57.8679,2.0852452777777777,-2.4499999999999993,1.0392594444444443,7.938492222222222,2.052086111111111,15,30.19361864193607,7,2.768913611111111,87.3259,6.906245,12.9492,1.7944333333333333,63,82,5.5,93,,
2020-04-18,128,4.6679362923519,,76,1719.9808795411088,,12.715800000000002,2.0928341706801605,33.86313656605385,48.79858374323487,63,58.1391,0.7176180555555557,-0.4833333333333343,0.6449008333333333,4.778209444444444,1.4015691666666668,10,17.338279690711282,4,2.0197358333333333,87.2842,4.138923055555556,12.6562,2.17895,49,49,4.3,65,,
2020-04-19,174,6.97565616941226,,70,2019.1826003824092,,8.4632,0.7687926833430849,33.23825508391067,41.01527886837447,59,31.9657,1.8349694444444444,-2.8500000000000014,0.6858088888888889,7.804444722222223,2.368914722222222,6,25.74646604771485,6,2.923188888888889,91.5368,7.127073055555556,12.6562,1.1055,22,75,4.966666666666667,78,,
2020-04-20,180,6.95915720825734,1,77,1968.895793499044,8.916666666666666,13.291699999999992,0.9312074212797155,29.893457525488415,34.138420356306234,58,59.672999999999995,2.328818611111111,-2.533333333333335,1.0510341666666667,7.5171222222222225,1.935503888888889,7,35.96812211820535,7,2.210351388888889,86.70830000000001,6.474673888888889,12.5391,2.9960666666666667,66,73,4.983333333333333,86,,
2020-04-21,144,4.54082952924704,,73,2106.025334608031,,17.296000000000006,0.9639736600891643,21.048846686771537,38.19874887928926,62,44.9962,2.777729166666667,-2.883333333333333,1.492735,8.298981944444444,1.434712777777778,8,40.75240443393919,8,2.603669166666667,82.704,6.816111111111111,12.4219,3.444666666666667,39,79,5.416666666666667,85,,
2020-04-22,122,4.31328873079564,,73,1709.175430210325,,15.670600000000007,1.0403703579758348,37.837102614089716,29.50909226327679,74,57.1493,1.310396111111111,-0.31666666666666643,0.7978227777777778,4.805980833333333,1.5184016666666666,5,32.653805122633486,4,1.184198888888889,84.32939999999999,4.012996666666667,12.5977,2.8358333333333334,48,47,4.5,65,,
2020-04-23,114,4.05762304168661,,74,2028.0712237093692,,12.499800000000008,1.4342847064336401,20.406638239989856,42.633724682611366,55,69.8251,2.931195,-2.5666666666666664,1.1427427777777777,9.06375138888889,1.618409722222222,13,36.95963707739877,7,3.3811955555555557,87.50019999999999,7.930800277777778,12.5977,0.0,88,83,6.5,69,,
2020-04-24,157,6.46453101982733,,78,1822.7342256214147,,6.932000000000002,1.7060419864687608,28.332469279876232,40.24721781090364,60,44.795700000000004,1.8692030555555557,-0.7666666666666657,0.5058616666666667,6.4476724999999995,1.685506388888889,11,31.420312909220126,2,2.394318055555556,93.068,5.9490275,12.5684,3.3325166666666663,45,71,5.683333333333334,74,,
2020-04-25,120,4.22304798158653,,73,1903.255258126195,,13.523700000000005,2.167511032631156,27.554160945794397,38.364270067111484,59,40.4857,2.704208055555555,-2.9833333333333343,1.3036999999999999,9.227173333333333,2.186289722222222,20,34.081568987094116,7,3.044019722222222,86.4763,7.934517499999999,12.3633,3.108233333333333,41,91,6.25,72,,
2020-04-26,151,5.10358567576994,,74,1938.3126195028678,,13.494600000000005,1.4024593878440081,23.337868417764575,45.27389098172103,59,57.5846,2.3111691666666667,-2.5666666666666664,1.2036791666666666,8.5563975,1.7184066666666666,12,31.388240600514393,8,3.3335930555555553,86.5054,7.363168888888889,12.5684,2.6756333333333333,80,92,5.983333333333333,86,,
2020-04-27,148,6.40598410195061,,81,2000.9703632887188,,4.900099999999995,0.8911871247885597,28.74400737854628,28.743714565216784,57,39.9017,2.7020652777777774,-2.5,0.3834033333333334,6.732592777777778,1.8269588888888888,6,42.51227805623694,5,1.8269402777777777,95.0999,6.355964444444444,12.7734,2.948,35,79,4.233333333333333,73,,
2020-04-28,128,4.83197596603818,,78,2065.356118546845,,8.461600000000004,1.0501730597688077,26.02695646262813,43.68394782671593,60,58.9942,1.8355186111111113,-2.466666666666665,0.6130819444444443,6.665568055555555,1.5772330555555556,7,30.289095710655943,5,2.6472463888888886,91.5384,6.059998055555555,12.7734,2.7237,80,70,4.2,83,,
2020-04-29,138,4.61340144159409,,76,1833.9388145315486,,10.292699999999996,2.0221774971483195,23.238518859499187,36.972852978252114,56,80.0356,2.285756111111111,-1.4333333333333336,0.691161111111111,6.42871361111111,1.334994166666667,13,39.7886281622487,5,2.1239969444444444,89.7073,5.744747222222222,12.7148,1.4900166666666665,92,66,4.983333333333333,77,,
2020-04-30,153,5.4706188568187,,75,2099.304493307839,,13.891099999999994,1.0446396781426461,27.657749405351183,34.42578174339349,56,72.2359,2.8025961111111113,-2.383333333333333,1.2331047222222222,8.615410833333334,2.044322777777778,9,37.916468851255324,6,2.544581944444445,86.1089,7.391500833333334,12.6855,1.8905500000000002,87,83,6.233333333333333,75,,
2020-05-01,162,14.2472123223671,,100,2930.6883365200765,,14.024299999999997,1.290961004819498,33.01428260827138,32.53829211040568,61,51.8948,1.8189391666666666,-0.5,0.9234988888888889,6.196933888888889,1.7432644444444447,8,34.44742528132294,2,1.7181305555555555,85.9757,5.280334166666667,12.4805,3.3165,50,63,5.683333333333334,73,,
2020-05-02,121,4.3780085671595,,75,1777.4163479923518,,11.148899999999998,1.6878118232343424,24.72459696528073,30.737949958016316,63,36.0264,2.344576111111111,0.36666666666666664,0.6676305555555555,5.924831111111112,1.3015719444444442,10,44.53745307670296,5,1.6181316666666667,88.8511,5.264279722222223,12.6855,0.0,23,55,6.3,73,,
2020-05-03,131,4.71408365717902,,74,1760.831739961759,,12.421700000000001,0.8034579042737934,31.863271051598595,42.8690704911455,60,64.3686,1.3694869444444444,-0.9333333333333336,0.8104066666666667,6.22310138888889,1.7269638888888887,5,25.26765845725591,5,2.323469444444444,87.5783,5.419920277777778,12.5977,2.0667999999999997,64,58,5.283333333333333,78,,
2020-05-04,151,6.48935747409701,,79,2016.6228489483744,,20.8326,1.5609241711709447,25.910527448398113,34.12985083039731,57,73.1359,2.4320197222222224,-2.6999999999999993,1.6103808333333334,7.687753333333333,1.5769647222222223,12,39.95962172120458,7,2.077208611111111,79.1674,6.0861930555555555,13.125,0.0,81,66,4.983333333333333,68,,
2020-05-05,143,8.06651242276074,,80,2169.086998087954,,15.111199999999997,0.9062894220164385,33.67683637096606,40.70742539407482,58,83.958,1.6686747222222222,-2.7333333333333343,1.2186858333333332,7.723801944444445,2.193795277777778,7,25.615738234959128,7,2.6517858333333333,84.8888,6.514255833333333,12.9492,2.99605,90,73,4.983333333333333,78,,
2020-05-06,153,8.66246143307385,,83,2010.0406309751434,,15.281300000000002,1.220190388678938,24.65205343999816,41.300311035238536,63,86.4769,1.8777594444444443,-1.5,1.0480961111111111,6.556353888888889,1.3595841666666666,8,34.047635524763294,6,2.277751388888889,84.7187,5.5150950000000005,12.7148,2.7877666666666667,85,61,5.05,83,,
2020-05-07,136,6.4026460998238,,78,2142.4713193116636,,15.2637,1.2705401789802893,27.753989778812493,42.896208877646515,60,74.4169,1.9574311111111113,-2.866666666666667,1.2095933333333333,7.870668055555555,1.8510013888888888,10,29.349801343541,7,2.8608838888888894,84.7363,6.669316388888889,12.9492,0.0,74,73,5.0,89,,
2020-05-08,147,5.34241896106108,,75,1984.34034416826,,8.424300000000002,1.3315524504263845,36.13304299678707,39.37652093213006,56,87.6942,1.5101175,-0.9166666666666679,0.6005205555555555,6.759027777777778,2.228018333333333,9,24.49043607108287,5,2.4280161111111114,91.5757,6.1661519444444455,12.6562,1.5380833333333332,88,69,5.833333333333333,74,,
2020-05-09,134,5.22466340679654,,69,1835.4971319311665,,12.8052,1.0532532799540113,27.646121181844475,43.04707646429875,50,92.8333,1.6983375,-0.283333333333335,0.8590708333333335,6.646074722222222,1.6021005555555554,7,29.30680235385677,6,2.4945902777777773,87.1948,5.795028333333333,12.7734,0.0,88,64,6.366666666666666,72,,
2020-05-10,140,4.47232285640048,,67,1886.4961759082219,,12.802700000000002,2.2438930172581473,29.072992110299406,40.25382110808045,55,79.47840000000001,1.9012719444444444,-1.533333333333335,0.9403438888888888,7.130464722222222,1.8020841666666667,16,30.67318678162014,4,2.4951258333333333,87.1973,6.198481944444444,12.7148,1.3137833333333333,78,69,5.6,81,,
2020-05-11,120,4.97024328590201,,72,1863.4225621414914,,20.468400000000003,1.640169637582118,28.479650823029896,41.730987731671746,51,74.65910000000001,1.727495,-2.5,1.5264144444444443,7.31631638888889,1.6515444444444445,12,29.789361445298358,6,2.4199938888888886,79.5316,5.799033333333333,12.5391,1.4900166666666665,59,64,4.816666666666666,72,,
2020-05-12,133,4.5205754372601,,70,1945.8556405353727,,9.608599999999996,0.8621747317524653,24.245956042216115,38.00895541973337,56,66.0017,2.753396111111111,-3.0666666666666664,0.8333936111111111,8.119003888888889,1.7686730555555557,7,37.74508853805052,6,2.7726444444444445,90.3914,7.294713611111111,12.5098,2.9319833333333336,50,81,5.05,76,,
2020-05-13,132,5.60698159913343,,70,1970.2055449330783,,9.120800000000003,0.5378309747390876,23.66772482275765,37.923709208062064,53,87.7975,2.5860386111111113,-2.4499999999999993,0.7128122222222222,7.437280833333333,1.5935416666666666,4,38.40856596918029,4,2.553393333333333,90.8792,6.732973611111111,12.4805,1.7143333333333333,84,79,4.983333333333333,87,,
2020-05-14,133,5.58664436009584,,73,2131.391013384321,,5.911100000000005,1.4895620182870217,23.073475584550952,38.65983006683715,57,59.7986,2.3940602777777777,-2.283333333333335,0.4652197222222222,6.713382777777778,1.4435344444444445,10,38.26669434861189,4,2.4186558333333332,94.0889,6.256250555555556,12.9785,3.8452166666666665,42,72,4.416666666666667,87,,
2020-05-15,130,5.11286804049052,,72,1886.8116634799235,,10.000500000000002,1.4738610738551783,30.752909514837267,33.832593886838445,55,77.65320000000001,1.9216058333333335,-0.13333333333333286,0.6866102777777777,6.10641,1.6686661111111112,9,35.414496598324284,4,1.835771111111111,89.9995,5.426043055555556,12.3047,4.646283333333333,65,60,5.966666666666667,61,,
2020-05-16,130,7.89717666687719,,76,2007.7366156787764,,5.555499999999995,0.4508508118382904,28.70776399849413,37.92181893595539,51,94.65369999999999,2.085774444444444,-0.5166666666666657,0.4122833333333334,6.654085833333332,1.7943413888888888,3,33.37041706555047,5,2.370253888888889,94.4445,6.250369722222222,12.5391,2.1629333333333336,89,69,6.15,76,,
2020-05-17,140,5.24386608943056,,72,1857.2992351816442,,13.403199999999998,0.9109134260288958,23.994744825215033,34.175008264534135,54,78.3637,2.3697269444444444,-1.3500000000000014,0.9293747222222222,6.5867949999999995,1.3593272222222224,6,41.830246910250835,4,1.9360497222222224,86.5968,5.665103888888889,12.627,2.69165,71,64,5.25,79,,
2020-05-18,132,5.10674062537325,,73,1907.6935946462713,,14.140100000000004,1.779188016606059,29.586947844610044,34.66594490831453,55,56.0721,2.2280175,-2.3166666666666664,1.0823169444444443,7.306703888888888,1.8440719444444442,13,35.74710724707543,6,2.1606316666666667,85.8599,6.23272111111111,12.5391,2.8518499999999998,39,69,5.0,74,,
2020-05-19,158,6.99598391323351,1,74,2004.371414913958,14.466666666666667,16.9996,1.0726194263966502,33.51602978894259,46.39524901276334,54,83.5856,1.2352630555555557,-2.5666666666666664,1.318423888888889,7.458376944444444,2.060913333333333,8,20.08872119829408,5,2.852861388888889,83.0004,6.149037777777778,12.6562,2.9960666666666667,76,67,4.9,81,,
2020-05-20,137,5.8373424604779,,73,2084.5960803059274,,11.4576,1.586380978058221,25.413204408785557,36.76650157098176,56,61.958,2.533085,-2.5666666666666664,0.8761813888888889,7.564387222222223,1.7020969444444445,12,37.82029402023269,6,2.462505277777778,88.5424,6.697687222222222,12.5391,0.0,46,75,5.0,91,,
2020-05-21,123,4.88245482446374,1,67,1695.0143403441682,25.9,7.377800000000008,0.6328867133837854,26.571115913352987,46.27303509890315,52,105.09,1.9871133333333333,-1.2333333333333343,0.5919533333333333,7.900308055555556,1.9443258333333335,5,27.155848987743852,7,3.3860022222222224,92.62219999999999,7.31744138888889,12.2461,0.0,94,83,6.666666666666667,67,,
2020-05-22,121,4.96184696365094,,69,2116.6228489483747,,14.149500000000003,1.307278387414008,23.82103213323454,33.56171471905019,53,83.6005,3.3584694444444443,-4.183333333333334,1.3095941666666666,9.179376111111111,1.8772258333333334,12,42.61725314771528,7,2.6448441666666667,85.8505,7.880539444444444,12.8906,0.0,79,93,5.0,67,,
2020-05-23,137,7.56736077141337,,73,2015.0262906309752,,10.881200000000007,1.741136462091069,30.202143906589125,39.59989416821438,52,79.7418,2.0018133333333332,-1.3666666666666671,0.845696388888889,7.466387777777778,2.0020905555555557,13,30.197961925196502,7,2.6250644444444444,89.1188,6.628968333333333,12.5684,1.6822833333333334,73,83,6.1,71,,
2020-05-24,148,9.274613869604,,72,2122.275334608031,,16.756699999999995,1.1929863888353558,30.80070840945669,34.39891897991915,57,57.850699999999996,2.1774777777777774,-2.0166666666666657,1.2959544444444444,7.544092777777778,1.9272166666666666,9,34.80037261062416,7,2.152358611111111,83.2433,6.257053055555556,13.0078,1.6502333333333332,40,74,5.533333333333333,78,,
2020-05-25,155,9.45301399957091,,71,2189.5411089866157,,13.8823,1.1508303144816459,26.133213359114798,36.94609271645851,50,103.571,2.7461677777777775,-2.75,1.2622533333333334,8.689378333333334,1.9437930555555556,10,36.9206939244267,7,2.748056944444444,86.1177,7.438017777777778,12.4219,3.14025,94,85,5.95,81,,
2020-05-26,127,6.71404231986313,,77,2157.9612810707454,,19.932500000000005,2.1166867861434904,30.493486115968928,42.547129455175686,57,70.01100000000001,1.7336391666666666,-3.033333333333335,1.6101208333333334,8.031419722222223,1.9609016666666668,17,26.959384428855397,7,2.736018333333333,80.0675,6.430559166666667,13.0664,0.0,51,76,5.0,80,,
2020-05-27,138,6.03963574433425,,73,2350.9440726577436,,10.388400000000004,1.0243608039394965,24.39858147091173,37.45804791262127,63,33.7102,2.335761111111111,-1.0166666666666657,0.7173627777777778,6.833529722222222,1.4940802777777777,7,38.14337061646701,6,2.2937944444444445,89.6116,6.123635833333334,13.125,0.0,16,72,5.833333333333333,76,,
2020-05-28,133,6.77351588446903,,75,2114.5363288718927,,17.522599999999997,0.8155560454645309,20.333375532734646,50.35595267155464,58,73.7825,2.068934722222222,-2.783333333333335,1.534720277777778,8.583101111111112,1.4352597222222223,7,29.310671795710714,4,3.554445277777778,82.4774,7.058639722222222,12.9492,1.4900166666666665,57,81,5.8,85,,
2020-05-29,124,5.66950189537319,,75,1971.309751434034,,19.2885,2.0641271895515847,30.786253839976542,32.930746580668185,54,57.7247,1.9766927777777779,-1.283333333333335,1.3419233333333334,6.782527777777777,1.6772308333333332,14,36.28299957935526,6,1.7940625,80.7115,5.447986111111111,12.5977,1.95465,39,64,5.5,81,,
2020-05-30,136,5.48692386219179,,77,1849.1085086042065,,20.77940000000001,1.2848707451259902,26.35995733804728,38.93489861670306,60,49.961999999999996,1.7023669444444445,-0.9499999999999993,1.3277516666666667,6.226307222222221,1.293016388888889,8,34.70514404524967,6,1.9098461111111111,79.22059999999999,4.905229444444445,13.0078,2.0667999999999997,30,55,5.283333333333333,86,,
2020-05-31,140,7.72881274520819,,76,2059.2734225621416,,15.175399999999996,1.702770680777542,23.190667573771893,42.76876756234944,58,75.1033,2.204478611111111,-2.116666666666667,1.1676191666666669,7.634615833333332,1.5018355555555556,13,34.04056486387867,7,2.76972,84.8246,6.476034166666667,13.2715,0.0,63,70,5.516666666666667,86,,
2020-06-01,145,9.24945997846219,,76,2263.1883365200765,,12.658599999999993,1.579620998968521,28.894609899154606,40.923834996390795,55,105.34,2.1694616666666664,-2.5500000000000007,1.0510438888888889,8.229822222222221,2.0769555555555557,13,30.181555104454596,5,2.941620833333333,87.34140000000001,7.188038055555555,12.9199,0.0,92,82,5.683333333333334,86,,
2020-06-02,141,7.02272368897963,,75,1963.4727533460803,,12.146999999999991,1.3362294870215001,26.270881563807023,35.52670898801613,60,64.1201,2.5116922222222224,-2.0,0.9178916666666666,7.483744444444444,1.7272305555555554,10,38.202409448176844,7,2.3357730555555554,87.85300000000001,6.574695833333333,13.3301,0.0,50,76,5.5,91,,
2020-06-03,136,5.97159386554157,,74,1938.3675908221796,,13.557600000000008,1.4798631222528973,22.757479382089755,36.03801156473206,55,80.8399,2.870249444444444,-2.8000000000000007,1.152366111111111,8.108858055555555,1.5852547222222222,12,41.204509053178185,8,2.510358333333334,86.44239999999999,6.9658625,12.7734,3.0281000000000002,70,78,5.316666666666666,84,,
2020-06-04,144,5.94585007575766,,74,2159.263862332696,,23.63969999999999,1.6561265901762368,35.45233780642354,25.861416984051,63,67.21050000000001,1.4106608333333335,-3.1999999999999993,1.1892683333333334,4.8305486111111104,1.2927391666666668,8,38.68624520952547,4,0.9430144444444444,76.36030000000001,3.646414444444445,12.7441,3.3165,41,42,1.6333333333333333,52,,
2020-06-05,150,8.16318323355104,,79,1930.8843212237093,,10.187799999999996,1.0580568383095175,28.13447667543879,49.38595591830371,56,73.099,1.3264372222222223,-0.6166666666666671,0.7224380555555555,6.615901666666667,1.6601127777777778,7,22.4795674062575,6,2.914085,89.8122,5.900634999999999,12.8027,2.75575,57,60,6.0,53,,
2020-06-06,129,5.94213406447719,,73,2047.963671128107,,11.825199999999995,1.4631914875312715,30.78645938844274,45.81217045182038,57,90.1388,1.6868561111111111,-2.9499999999999993,1.0029161111111111,8.201250555555555,2.219200277777778,12,23.401370159736874,6,3.3023083333333334,88.1748,7.208364722222223,12.4805,1.5701333333333334,80,78,5.25,71,,
2020-06-07,143,6.72621560406734,,73,2027.779636711281,,16.8617,1.4429425446331856,23.84130518104159,43.889893219150665,55,57.608,2.2020725,-3.25,1.5015669444444444,8.316339444444445,1.6269672222222225,12,32.26880159980774,8,2.995113611111111,83.1383,6.824153333333333,13.3008,6.4887999999999995,38,78,5.066666666666666,76,,
2020-06-08,137,6.99998899671065,,76,2033.9507648183553,,12.729199999999992,2.082051597094227,32.750486920755634,28.26732299893795,54,42.7718,1.4601241666666667,-3.2333333333333343,0.5817955555555555,4.322659444444445,1.2267083333333333,9,38.982190080306424,2,1.0587861111111112,87.27080000000001,3.7456186111111114,12.5098,1.8424833333333335,18,43,1.0833333333333333,53,,
2020-06-09,129,5.85342105742831,,73,1992.7294455066922,,8.724500000000006,0.6744762270549277,29.663352894531204,49.21785667372912,55,82.7328,1.710918333333333,-3.083333333333332,0.8047886111111111,8.895791666666666,2.403147777777778,6,21.118790431739686,8,3.9873369444444444,91.2755,8.101403055555556,13.0078,1.2016166666666666,71,83,5.816666666666666,70,,
2020-06-10,126,5.93204233769812,,74,1949.0105162523898,,9.355999999999995,1.0717794870602309,30.699765039401232,40.476037864733755,54,78.49730000000001,2.1860311111111113,-2.6499999999999986,0.8232236111111111,8.397249722222222,2.3282744444444448,9,28.824197095865028,7,3.0697083333333333,90.644,7.584013888888889,12.8906,1.8264833333333332,66,90,5.75,74,,
2020-06-11,152,7.14074971409695,,75,1985.1481835564055,,13.700100000000006,1.2017190591140627,31.53124499575311,37.62635887486035,55,76.0375,2.2026108333333334,-2.6833333333333336,1.1892688888888892,8.3214125,2.2518049999999996,10,30.842396129386547,6,2.6870877777777777,86.2999,7.141503611111111,13.1836,2.7717666666666667,63,88,5.633333333333333,83,,
2020-06-12,149,10.0586011351867,,78,2254.1897705544934,,18.811300000000003,1.2709713210028717,31.376564828518756,33.613145980778775,60,77.4687,1.293282222222222,-3.166666666666668,1.0315186111111112,4.720798888888889,1.1590522222222222,6,35.01028919070247,3,1.2416716666666665,81.1887,3.694006111111111,12.5391,10.2539,51,45,1.55,53,,
2020-06-13,135,7.67044410753343,,75,2197.6792543021033,,19.08999999999999,1.0113196635376935,32.393636931968175,32.20062379760945,54,60.7097,1.6686647222222222,-2.3999999999999986,1.2264427777777778,5.932842222222222,1.526705,6,35.40573927042237,5,1.5176083333333332,80.91000000000001,4.712978055555555,12.4805,6.472766666666667,33,48,3.533333333333333,70,,
2020-06-14,144,10.3348623003744,,74,2219.0272466539195,,9.887799999999999,1.29421438535467,29.520567568288648,38.94305292115997,64,63.1395,1.7566258333333333,-0.716666666666665,0.6088080555555556,6.1813561111111115,1.6443419444444445,8,31.53637951055139,5,2.169189166666667,90.1122,5.570156944444444,12.5977,0.0,36,58,5.466666666666667,57,,
2020-06-15,168,11.4130673470767,3,81,2348.9125239005734,86.75,19.464200000000005,1.670357904551194,26.178856708865812,47.15211564961418,56,95.5221,1.4109252777777779,-1.533333333333335,1.2924841666666669,6.585414999999999,1.384992777777778,11,26.66902764152001,6,2.4945833333333334,80.5358,5.290501388888889,12.832,0.9773166666666667,77,57,5.05,72,,
2020-06-16,146,12.3500740642331,4,76,2499.665391969407,153.81666666666666,12.632500000000007,1.126544818588146,26.591822401989614,32.24025513141648,51,134.118,2.5448572222222223,-1.6999999999999993,0.9277819444444444,7.101359722222223,1.643813611111111,8,41.1679224665939,6,1.99298,87.36749999999999,6.181650833333333,12.5391,1.5541166666666666,92,65,5.4,86,,
2020-06-17,186,11.2732340978573,2,81,2555.473231357553,76.56666666666666,22.0835,0.5497528351975385,23.91506347414259,34.792512656194205,56,63.6647,1.7427405555555555,-1.966666666666665,1.242196111111111,5.456997777777778,1.0093316666666667,3,41.29242386966322,4,1.4684127777777778,77.9165,4.220485,12.7148,2.4192833333333335,39,44,3.5,75,,
2020-06-18,161,10.6241894442892,2,80,2078.788240917782,90.26666666666667,10.412199999999999,1.5262791080106919,31.0144452131558,39.570358856732696,58,78.2079,1.3769708333333335,0.6166666666666667,0.5665558333333334,5.241505277777778,1.4518341666666668,8,29.415195930111498,4,1.852349722222222,89.5878,4.681154722222222,12.832,0.9773166666666667,53,47,5.85,59,,
2020-06-19,143,11.1044812095951,2,77,2364.125239005736,115.64999999999999,10.964799999999997,1.8045305962996165,25.600965477643573,41.312231331158614,54,89.05449999999999,2.285496388888889,-2.1000000000000014,0.8590708333333335,7.758250277777778,1.7684063888888888,14,33.086803191197816,6,2.8536741666666665,89.0352,6.907576944444444,12.5391,0.0,72,71,5.65,74,,
2020-06-20,169,11.8583980132875,2,75,2416.8260038240915,101.0,12.155000000000001,0.8322874969379581,23.28300499408811,44.69147147329514,58,93.8942,2.352618888888889,-2.5500000000000007,1.064673611111111,8.410555277777778,1.7103869444444444,7,32.02552353261676,7,3.2830688888888893,87.845,7.346074722222222,12.8906,2.8810833333333337,77,80,5.866666666666667,76,,
2020-06-21,137,9.13344179057259,,78,2236.0587954110897,,29.225700000000003,0.9942366723782342,30.184581451791527,51.85219221234488,55,104.31,1.0229627777777777,-2.3000000000000007,2.3603725,8.046373888888889,1.718939722222222,8,17.96322633586358,7,2.9528583333333334,70.7743,5.6947608333333335,12.7148,0.0,86,64,5.75,88,,
2020-06-22,144,7.69386823660412,,78,1961.199808795411,,7.7637,1.319387589757869,22.456759560733943,35.17202494316828,55,105.958,2.3619622222222225,-0.9833333333333343,0.4962388888888889,6.063419166666667,1.2518408333333333,8,42.371215496097776,5,1.9606469444444443,92.2363,5.57445,12.3633,1.1856,81,59,5.083333333333333,76,,
2020-06-23,154,9.39128263185322,1,77,2259.5219885277247,41.86666666666667,16.549999999999997,1.1095109790734343,24.10585214838906,33.42372037995944,63,53.855,2.2191924999999997,-2.216666666666665,1.0908622222222222,6.309085833333333,1.2595947222222221,7,42.47042747165148,5,1.7464780555555557,83.45,5.225265277777778,12.6562,2.8518666666666665,26,57,4.1,77,,
2020-06-24,161,12.950968631818,2,83,2500.8843212237093,82.35,16.711299999999994,1.2325753826229469,32.945495881843975,40.72776813776692,54,70.3292,1.24007,-1.6333333333333329,0.9753655555555555,5.679165833333333,1.551833888888889,7,26.326735980389103,4,1.918402777777778,83.2887,4.710306666666667,12.334,1.4259333333333333,40,50,4.033333333333333,82,,
2020-06-25,155,9.06223682514918,2,73,2235.1051625239006,52.150000000000006,17.613199999999992,1.459385790955589,28.005247741563146,34.50983872700819,61,60.8218,2.3111755555555558,-2.6000000000000014,1.3807080555555555,7.537417500000001,1.7266958333333333,11,37.484913531428674,7,2.127743888888889,82.38680000000001,6.1656152777777775,12.6562,3.2203666666666666,33,63,4.933333333333334,81,,
2020-06-26,152,6.73556035078935,1,72,2134.5291586998087,65.5,25.830600000000004,1.398163145514006,36.02096797733319,34.706273907349136,59,62.943,1.702631111111111,-2.0500000000000007,2.060368888888889,7.867465277777778,2.0951363888888888,11,29.272758115317664,7,2.0186680555555556,74.1694,5.8164355555555565,12.5684,1.5220666666666667,35,61,5.833333333333333,79,,
2020-06-27,160,8.88129757186684,1,78,2098.2791586998087,59.666666666666664,13.070400000000006,0.7311148762624627,32.556828094867015,31.819079355286483,60,63.935599999999994,2.1178525,-0.8833333333333329,0.9015822222222222,6.838870555555556,1.9355036111111112,5,35.62409254984651,6,1.8916444444444445,86.9296,5.945000555555556,12.9199,0.0,42,62,5.95,76,,
2020-06-28,132,6.80970201475965,,77,1949.263862332696,,10.626899999999992,1.225876435438877,23.86102408720874,23.893689769326105,63,59.7718,3.4124841666666663,-1.5166666666666657,0.81735,7.341686111111112,1.5585208333333334,9,52.24528614346515,4,1.5606544444444443,89.37310000000001,6.531659444444444,12.7148,2.0027,41,68,5.833333333333333,88,,
2020-06-29,144,9.07429799685176,1,78,2238.998565965583,44.016666666666666,7.041299999999993,1.4727659663058421,25.73087699923992,32.21217535869885,56,83.8095,2.373454166666667,-2.216666666666665,0.47430944444444445,6.110950555555555,1.4521038888888889,9,42.056947642061225,4,1.817871388888889,92.95870000000001,5.643429444444445,12.627,2.40325,69,61,3.9,70,,
2020-06-30,146,7.32552564888723,,76,1985.6333652007645,,4.7136,1.4984569866219195,33.69579977251336,41.177397557528394,60,79.146,1.7357841666666667,-1.6000000000000014,0.44116694444444443,7.340884722222223,2.327738888888889,11,25.12680266995824,5,2.844575,95.2864,6.908098055555556,12.5391,5.463399999999999,72,75,5.733333333333333,84,,
2020-07-01,128,4.73308006885143,,78,1956.1089866156785,,3.731200000000001,0.6089294943373362,34.231999412315496,31.94013145244254,58,60.8271,2.127208888888889,-2.5166666666666657,0.28822305555555555,6.568905,2.1526219444444448,4,33.827869135241954,5,2.0085016666666666,96.2688,6.288332499999999,12.4805,2.211,46,71,4.05,76,,
2020-07-02,137,8.3097590104846,1,79,2125.3656787762907,72.56666666666666,6.6081999999999965,1.0390639332791072,31.800136191303235,40.259607959576975,58,68.7557,2.0090322222222223,-1.783333333333335,0.5173672222222222,7.6992375,2.2865752777777777,8,27.940255849119787,6,2.8948499999999995,93.3918,7.1904575,12.5684,0.0,60,80,5.916666666666667,79,,
2020-07-03,124,4.48894328872145,,71,1919.5339388145314,,8.393799999999999,1.0898604658565314,33.86133754672512,46.28247974113478,60,79.4172,1.1595877777777777,-1.5833333333333321,0.5906183333333334,6.422840555555555,1.9774794444444446,7,19.856182712140107,2,2.702865833333333,91.6062,5.839933055555554,12.5684,2.8679,70,67,4.833333333333333,84,,
2020-07-04,141,8.019333690052,1,77,2089.7108030592735,88.61666666666666,12.819599999999994,1.881800173357107,28.53016125431135,37.65390179607454,54,81.139,2.186041388888889,-1.3000000000000007,0.9844683333333333,7.439684722222223,1.8443408333333335,14,33.815936949614105,7,2.434147777777778,87.1804,6.46453,12.4219,1.474,75,73,6.15,80,,
2020-07-05,120,4.12740802401817,,71,1763.2600382409175,,15.273600000000002,1.925689329915897,33.049572085296134,33.49688703214163,64,39.7665,2.060643333333333,-0.8833333333333329,1.1176183333333334,7.270123888888889,2.0357600000000002,14,33.45354088256224,3,2.0633133333333333,84.7264,6.159716666666666,13.1836,0.0,9,69,6.383333333333334,84,,
2020-07-06,150,9.69455764323317,,78,2216.1687380497133,,9.357399999999998,1.0278066816684568,29.319673581036255,39.383812762529246,57,49.867399999999996,2.751261388888889,-2.3999999999999986,0.9488991666666666,9.729456111111112,2.5774783333333335,10,31.296513656434488,3,3.462211944444445,90.6426,8.790951666666666,12.8906,1.8585166666666666,31,97,7.316666666666666,70,,
2020-07-07,141,8.5322689533446,1,81,2150.255736137667,53.083333333333336,11.953100000000006,1.354960146159336,27.456710259066114,22.555959622438838,61,30.684800000000003,2.127210277777778,-2.416666666666668,0.9168138888888889,5.166203611111111,1.16842,7,49.98733011849505,2,0.9598686111111111,88.0469,4.255498888888889,12.5977,19.97908333333333,11,54,2.75,52,,
2020-07-08,158,8.42666022645496,1,78,2179.830305927342,59.18333333333333,17.7825,0.4904933532019475,26.496312305489138,31.50397537164123,60,62.71549999999999,1.4015616666666666,-2.166666666666668,0.7451644444444445,4.077527222222222,0.8842016666666667,2,41.999712322869634,3,1.051311111111111,82.2175,3.3370744444444447,12.4805,1.1215333333333333,36,35,1.9166666666666665,59,,
2020-07-09,139,6.92432106455251,1,77,2000.8891013384318,60.0,8.514200000000002,0.5988991734110061,31.95195135399865,46.88227558020866,56,77.3339,1.293285,-1.9333333333333336,0.5761883333333332,6.678920555555556,1.9523491666666668,4,21.16577306579269,3,2.864631666666667,91.4858,6.110265833333333,12.5391,0.0,62,60,4.75,68,,
2020-07-10,123,4.79459765933364,,73,2050.5592734225625,,9.703699999999998,1.2903717442711167,30.46674174063378,41.57065325768018,58,85.9319,1.9526258333333333,-2.25,0.7759052777777777,7.749704722222223,2.1274894444444445,10,27.962605001686043,4,2.9028744444444445,90.2963,6.982989722222222,12.5977,0.9773166666666667,75,76,5.5,73,,
2020-07-11,149,11.2669315265436,1,77,2328.4321223709367,93.71666666666667,7.880499999999998,0.72186993187152,29.865958122174863,31.57775559998707,54,99.33980000000001,2.444858611111111,-0.5,0.5938241666666666,6.926455555555555,1.893803888888889,5,38.55628627783807,5,2.002349166666667,92.1195,6.341011666666666,12.5977,2.5795000000000003,89,72,6.416666666666667,61,,
2020-07-12,129,4.86520229923455,,71,1969.0607074569787,,13.065200000000004,1.7863926009603348,33.53094682637651,41.433460002684726,60,76.2587,1.6940758333333332,-1.6666666666666679,1.0796486111111112,7.837023055555556,2.268928333333333,14,25.035593170938764,6,2.8036652777777773,86.9348,6.766669444444444,12.5977,3.20435,66,74,6.166666666666667,83,,
2020-07-13,151,8.64669309635596,1,78,2194.741873804971,75.11666666666666,8.825999999999993,1.70795157991775,25.57152901398878,33.940390560653775,60,78.4445,2.377471666666666,-0.9333333333333336,0.5759216666666667,6.440463611111111,1.5015675,11,40.488080425357445,4,1.9929894444444443,91.174,5.87202861111111,12.9492,0.0,58,66,5.5,83,,
2020-07-14,159,10.3963652199189,1,78,2271.297801147228,75.98333333333333,8.559200000000004,1.2056555291446294,32.99695790696967,45.78517113329868,60,79.6439,1.2873858333333332,-0.5666666666666664,0.575386111111111,6.635394444444444,2.0020772222222223,8,21.217870959731634,5,2.777996944444445,91.4408,6.06746,13.5352,0.0,52,68,6.066666666666666,89,,
2020-07-15,149,10.3418355881515,1,79,2384.980879541109,54.7,11.978800000000007,0.8660102175574028,29.9634876906304,41.60084910092035,55,76.1977,1.7267002777777778,-1.25,0.8641433333333334,6.928324722222223,1.8194744444444446,6,28.435663208449252,5,2.5261305555555555,88.0212,6.072305277777777,12.7148,1.7784166666666665,57,65,5.666666666666667,89,,
2020-07-16,156,10.2100458704715,1,81,2169.720363288719,46.11666666666667,7.976700000000008,1.6879639263353787,30.089089408122238,46.29565870059488,58,71.67030000000001,1.276705,0.15,0.5248541666666666,5.924297222222222,1.6266983333333331,10,23.615251891282877,4,2.502869722222222,92.02329999999999,5.406273055555555,13.125,2.9640166666666667,42,59,6.066666666666666,82,,
2020-07-17,146,10.6568333320806,,82,2288.9770554493307,,8.712299999999999,2.1001103141278894,30.79757933787064,40.07339734540689,60,57.3418,1.8857822222222222,-1.1333333333333329,0.6764524999999999,7.1424819444444445,1.9938027777777776,15,29.129023316722463,6,2.594309444444444,91.2877,6.473894444444444,12.832,3.0441166666666666,32,69,6.0,89,,
2020-07-18,154,12.3084344253713,1,82,2461.113766730401,88.73333333333333,8.540700000000001,1.3569523453413563,29.880918563187738,35.756022393992446,56,71.0274,2.3020730555555553,-1.3833333333333329,0.6788461111111112,7.3694555555555565,2.0018024999999997,10,34.36305904281981,2,2.3953913888888887,91.4593,6.699266944444445,13.125,2.6756333333333333,47,72,6.0,90,,
2020-07-19,128,4.91404876456538,,76,1910.2963671128107,,9.269099999999995,1.08978702307344,32.53317695293003,40.6078883707932,59,78.2341,1.7769525000000002,-1.4833333333333343,0.7333952777777778,7.3408838888888885,2.1523530555555554,8,26.85893467627678,4,2.6865655555555557,90.7309,6.61587111111111,13.125,2.947983333333333,60,71,5.85,91,,
2020-07-20,134,7.89945422445019,1,75,2039.416826003824,79.03333333333333,13.012,1.3942873953979453,37.69310434165205,41.70917988357709,55,93.211,1.276695,-1.4499999999999993,0.9817886111111112,7.1721224999999995,2.3363074999999998,10,20.597715774770858,5,2.5852333333333335,86.988,6.198235833333333,12.3633,2.8038000000000003,86,69,5.733333333333333,94,,
2020-07-21,139,5.56940262277805,1,75,1911.8881453154875,69.08333333333333,7.194500000000005,1.3781024371614,28.0433162853238,38.68390292626725,56,77.8278,2.009033055555556,-2.0,0.5002552777777778,6.530719166666667,1.6932744444444443,9,33.27278078840895,6,2.3357602777777777,92.8055,6.038067777777779,12.4805,1.474,63,66,4.533333333333333,78,,
2020-07-22,154,8.9709501815259,1,76,2228.673518164436,67.61666666666666,13.079099999999997,1.4910481816066865,32.62405166505164,32.91301221142065,55,92.9903,2.0090222222222223,-2.416666666666668,0.8847380555555555,6.706691388888888,1.9018241666666666,10,34.4629361235277,6,1.9186691666666666,86.9209,5.829515555555556,12.4805,0.0,85,65,4.283333333333333,79,,
2020-07-23,149,7.78570842183872,1,75,2116.7017208413004,51.4,5.886899999999997,0.7745111479262077,33.50947743373729,32.11991805992767,59,86.37939999999999,2.0702694444444445,-1.9333333333333336,0.43955361111111113,6.455685,2.0184005555555555,5,34.37060450633505,6,1.934702222222222,94.1131,6.023372222222222,12.5684,3.3325166666666663,79,67,4.516666666666667,89,,
2020-07-24,123,4.64546560837348,,72,1955.2318355640534,,8.768200000000007,0.8189191245709063,29.456076147203376,36.691969583639484,53,101.044,2.2627677777777775,-1.8000000000000007,0.6513205555555556,7.326730833333333,1.968933888888889,6,33.85195426915713,6,2.4526030555555556,91.23179999999999,6.6843047222222225,12.3926,0.0,93,75,5.516666666666667,84,,
2020-07-25,143,10.1153022613925,1,77,2196.1328871892924,83.83333333333333,14.453199999999995,1.1877313012444786,27.216293070543646,40.89662069018035,52,73.3913,1.5935449999999998,-1.1666666666666679,0.9031838888888888,5.893588888888888,1.360123888888889,7,31.887086239276012,4,2.0437930555555557,85.5468,4.997461944444445,13.0078,3.1082166666666664,50,57,4.733333333333333,84,,
2020-07-26,128,5.50310922458249,,74,1932.9182600382408,,5.6055999999999955,0.9361958040149871,27.96890830038965,36.68290676416457,61,81.3511,2.4782800000000003,-1.5833333333333321,0.47512305555555556,7.477068333333333,1.960915,7,35.34818493544578,5,2.571858055555556,94.3944,7.011053055555555,12.9492,2.980033333333333,62,75,5.9,84,,
2020-07-27,145,8.55849895595406,1,77,2085.2963671128105,57.5,5.69619999999999,1.110131317433539,30.305457882792158,38.0181042171683,55,95.8902,1.3341830555555556,-1.783333333333335,0.2970452777777778,4.503971666666668,1.276438611111111,5,31.67643790003955,2,1.6012883333333332,94.30380000000001,4.21191,12.2168,2.259066666666667,75,48,2.716666666666667,67,,
2020-07-28,153,9.05440989411436,1,77,2248.902963671128,53.25,13.924099999999996,1.2257874350658968,28.088037056012354,46.33764760032923,58,95.734,1.6103875000000003,-2.583333333333332,1.0537177777777778,7.342219166666667,1.7686738888888887,9,25.574315343658416,6,2.9178325000000003,86.0759,6.296893888888889,13.0078,1.6021833333333333,82,65,4.766666666666667,74,,
2020-07-29,142,7.64530365331999,1,76,2032.337476099426,58.766666666666666,13.606799999999993,0.4160248295944963,25.841129425336877,44.68607802420921,58,72.754,1.8269497222222222,-1.6666666666666679,1.0208263888888889,7.211108055555556,1.6018313888888889,3,29.472792550453917,7,2.7699858333333336,86.39320000000001,6.198766944444444,12.5977,2.1629333333333336,46,69,5.55,78,,
2020-07-30,164,9.52589889886662,1,78,2256.269120458891,47.86666666666667,6.864899999999992,1.7624519165787444,31.445816698512658,44.3141328735596,61,90.19800000000001,1.5371302777777778,-2.333333333333332,0.47565611111111117,6.808696388888889,1.9940683333333333,12,24.240050427927752,5,2.8100847222222223,93.13510000000001,6.341283333333333,13.0371,0.0,68,69,4.466666666666667,81,,
2020-07-31,118,4.40178639048794,,72,1978.260038240918,,15.811800000000005,1.0752757624965243,33.246085205409685,52.28777375329502,58,87.4278,0.9002422222222222,-1.966666666666665,1.2245611111111112,7.439951944444445,2.0689366666666666,8,14.4661410412953,6,3.2539197222222223,84.1882,6.223098611111111,12.9785,2.8839166666666665,71,67,5.466666666666667,87,,
2020-08-01,151,9.39497842722348,1,76,2027.399617590822,103.16666666666667,8.0959,1.5001270107535771,28.1279563449874,39.36395652518366,55,104.782,1.976423611111111,-0.7666666666666657,0.5935666666666667,6.666102222222222,1.7101208333333335,10,32.508087129828944,6,2.393246111111111,91.9041,6.079790555555555,12.2461,3.0441166666666666,91,66,5.9,77,,
2020-08-02,129,5.88658666543348,,73,2000.2581261950286,,7.511200000000002,1.6181046828675598,27.07424363124608,36.94729860119715,55,84.5767,2.6608977777777776,-2.616666666666667,0.6470333333333333,8.034090833333332,2.002359166666667,13,35.97845776755677,7,2.7325513888888886,92.4888,7.395808333333333,12.7734,2.259066666666667,67,79,5.416666666666667,82,,
2020-08-03,149,9.2912581326335,1,81,2189.232791586998,63.63333333333333,6.1524,0.6534110932868363,31.963387736492667,47.84450025695417,63,75.4936,0.8590599999999999,-2.0500000000000007,0.34223916666666665,4.5912902777777775,1.3598611111111112,3,20.19211200655316,3,2.0355125000000003,93.8476,4.254433611111111,12.4512,3.4767,43,49,2.533333333333333,61,,
2020-08-04,148,7.89810386302059,1,77,2127.335086042065,56.81666666666667,10.642799999999994,1.7923264530125025,34.87572655276941,32.339897052972674,57,83.5357,1.953160277777778,-2.1999999999999993,0.7448972222222223,6.695208888888889,2.0777544444444445,12,32.78437639425792,4,1.92668,89.3572,5.957594722222223,12.627,1.6822833333333334,60,62,4.483333333333333,77,,
2020-08-05,150,8.38887969236775,1,79,2154.2017208413004,56.35,14.203500000000005,1.0570755794357691,29.798147314321007,40.23826700685068,54,92.8736,1.6943430555555556,-2.083333333333332,0.974833611111111,6.622043055555555,1.6849880555555556,7,29.96358567882832,6,2.275342777777778,85.7965,5.654673888888889,12.5977,1.8745333333333332,75,62,4.533333333333333,85,,
2020-08-06,156,8.34785737509393,1,78,2113.475143403442,54.95,7.618200000000002,0.6459258964206689,23.934215360651685,39.642231610761996,56,80.2657,2.069466388888889,-2.083333333333332,0.5181675,6.192660833333334,1.3598633333333332,4,36.42355302858632,3,2.2523411111111113,92.3818,5.681670833333333,12.627,2.54745,55,62,4.1,89,,
2020-08-07,124,4.3778774901909,,71,2019.9521988527722,,12.670699999999997,1.288241078572686,30.6461387113367,41.84753237028519,57,63.7099,1.8646424999999998,-2.2666666666666657,0.9932894444444444,7.7625222222222225,2.077488888888889,10,27.506328918378102,7,2.8368266666666666,87.3293,6.778958055555555,13.2129,0.0,32,74,5.483333333333333,84,,
2020-08-08,145,7.95831365492952,1,74,2047.5979923518162,82.3,8.827700000000007,1.3656614740676818,29.9541728436026,49.044215654298554,57,72.8146,1.392467222222222,-0.4499999999999993,0.7007827777777779,7.322458888888889,1.9860477777777776,10,21.00161150209885,7,3.2517725,91.17229999999999,6.6302875,13.0957,3.0120833333333334,46,75,6.883333333333333,59,,
2020-08-09,136,5.87728773574615,,76,1866.484225621415,,13.006600000000006,1.6485546983579937,34.20556872800523,38.802340787402656,58,76.12620000000001,1.5667955555555555,-1.4333333333333336,0.8764483333333334,6.672511388888889,1.9855125,11,26.992090484592108,6,2.2523388888888887,86.9934,5.804646944444444,12.8906,0.0,50,65,5.233333333333333,77,,
2020-08-10,148,7.87431719296531,1,77,2165.889101338432,56.81666666666667,18.491299999999995,1.369306589609192,20.00990518326395,32.1070780229907,55,63.7895,2.8362958333333332,-2.8166666666666664,1.387929722222222,7.302966388888889,1.185263888888889,10,47.883016793745355,7,1.901826111111111,81.5087,5.923385833333333,13.125,2.1469,34,66,4.5,68,,
2020-08-11,156,8.98006251447478,1,77,2167.6553537284894,54.21666666666667,5.978899999999996,1.5134035213452746,31.49413483376195,31.888252011823027,61,61.4771,2.2606408333333334,-2.116666666666667,0.44167888888888895,6.607623055555555,1.9443355555555555,10,36.61761315441503,6,1.9686669444444445,94.0211,6.173643333333334,12.832,2.483366666666667,33,69,4.483333333333333,80,,
2020-08-12,148,8.81048317385722,1,78,2197.9302103250475,64.21666666666667,6.441400000000002,1.3474693963291358,26.78693698156904,34.85758428563727,58,67.8354,2.377460833333333,-2.133333333333333,0.48821722222222225,6.679186944444444,1.6603858333333332,9,38.3554787327937,6,2.1606441666666667,93.5586,6.1984908333333335,12.7734,3.2363833333333334,43,67,4.55,88,,
2020-08-13,141,8.70467569958263,1,79,2117.103250478011,63.95,13.2153,1.2654952311262262,36.19582586912453,41.34213128133391,59,75.6729,1.232315277777778,-1.8333333333333321,0.8427605555555556,6.321635833333333,1.9857797222222222,8,22.462042849541554,5,2.2681169444444444,86.7847,5.486211944444445,13.0078,0.0,61,59,4.5,93,,
2020-08-14,128,4.84428420450617,,73,1921.6132887189292,,9.407399999999996,1.7280848081184377,29.00536136563547,50.871263782092,59,110.034,1.1515758333333332,-2.25,0.6499713888888888,6.365428333333333,1.6598544444444443,11,20.123374852272534,4,2.911147777777778,90.5926,5.722578055555555,12.4219,2.91595,89,62,4.1,91,,
2020-08-15,148,7.98063508391086,1,73,2201.935946462715,101.0,7.480800000000002,1.6703997117367353,27.85925453763671,41.57436246227597,57,103.083,2.3609036111111115,-2.1499999999999986,0.6668294444444444,8.381227500000001,2.1518088888888887,14,30.566383000087328,7,3.2111441666666667,92.5192,7.723856666666666,12.4805,1.9706833333333333,95,85,6.216666666666667,76,,
2020-08-16,133,5.70397389674496,,75,1880.774378585086,,12.147199999999998,0.705922078360096,32.03286500748263,37.146079417488664,58,57.1839,1.9178583333333334,-1.3166666666666664,0.8678938888888889,7.082934722222221,1.993263888888889,5,30.821055575028712,6,2.311436666666667,87.8528,6.222558888888888,12.5684,0.0,37,74,5.75,78,,
2020-08-17,149,7.3612314398654,1,77,2089.6152007648184,49.53333333333333,25.980999999999995,0.8729410110111809,32.08992157147282,41.30446151774554,58,78.9953,1.3424805555555557,-2.366666666666667,1.8344363888888888,6.873316666666667,1.6192105555555556,6,26.60561691078165,5,2.084162777777778,74.019,5.045853888888889,13.0664,3.3805833333333335,61,57,4.5,79,,
2020-08-18,148,7.5830747542711,1,74,2028.88862332696,58.983333333333334,12.892600000000002,1.1140848531233856,28.51006515481933,28.666399975963326,58,70.3112,2.3437825,-2.1833333333333336,0.817361388888889,6.283183888888889,1.5603894444444444,7,42.82353486921735,4,1.5689458333333333,87.1074,5.473117777777777,12.4805,0.0,52,59,4.1,83,,
2020-08-19,148,7.56918232059456,1,75,2148.9913957934987,41.1,7.455399999999997,0.6640159151334539,27.64896581135887,39.169201778286165,57,108.474,2.3026169444444444,-3.0166666666666657,0.5989077777777779,7.52994,1.9186697222222224,5,33.18183241035496,6,2.7181038888888893,92.5446,6.939390555555556,12.7734,1.8905666666666667,91,75,4.516666666666667,81,,
2020-08-20,167,8.96692524975759,1,79,2302.449808795411,53.833333333333336,5.0595,1.0024634345495205,29.742854926966526,37.20374174806552,58,98.5923,2.1782872222222225,-2.4333333333333336,0.4002577777777778,6.982798333333333,1.9601152777777777,7,33.053403324967945,3,2.4518030555555557,94.9405,6.590205555555556,12.832,2.483366666666667,84,74,4.55,91,,
2020-08-21,131,4.76680076372265,,74,1896.9096558317399,,10.6618,1.3444594266834946,31.388309084610377,43.70029756351944,59,92.5795,1.4839230555555554,-1.1499999999999986,0.7446300000000001,6.694140277777778,1.8697402777777776,9,24.911393351870178,4,2.6031413888888886,89.3382,5.956804722222222,12.832,1.58615,64,66,5.55,71,,
2020-08-22,150,10.4898734348341,1,78,2330.9201720841297,70.98333333333333,13.811599999999999,1.0949592551322413,30.17941148930847,51.990812085477444,55,116.569,0.9758902777777777,-1.2333333333333343,0.9269813888888888,6.392931944444444,1.6518319444444447,7,17.829776425214085,6,2.845651388888889,86.1884,5.4733736111111115,12.3633,2.54745,88,62,5.166666666666667,83,,
2020-08-23,137,6.75132123090807,,76,1933.8695028680688,,15.7196,0.9698985070490839,33.74950092084471,46.210900633117554,57,75.17,1.2189547222222221,-1.2333333333333343,1.1432875,7.217249999999999,2.052891111111111,7,20.03959844603773,7,2.8108844444444445,84.2804,6.082730277777778,12.8613,0.0,48,66,6.0,86,,
2020-08-24,155,7.49180893155251,1,79,2081.23326959847,42.38333333333333,14.695700000000002,1.0421156137949308,29.194962834587727,36.347547209149575,70,59.5054,1.9694613888888888,-2.2333333333333343,1.0093341666666666,6.717105000000001,1.668675,7,34.45748995626269,6,2.07749,85.3043,5.715626388888889,13.3008,1.0093666666666665,20,64,4.5,77,,
2020-08-25,160,8.81228269354397,1,77,2190.0525812619503,60.0,11.9589,1.6662925923952931,30.343538285637095,49.421135778185196,56,106.563,1.1684213888888888,-2.333333333333332,0.8355405555555555,6.6014816666666665,1.752086388888889,11,20.235325936177702,4,2.853658611111111,88.0411,5.774166388888888,12.5391,2.5795000000000003,85,64,4.266666666666667,80,,
2020-08-26,144,7.2782957483056,1,75,2088.9890057361376,44.21666666666667,15.303699999999992,0.9274570171977581,28.459395714220875,18.054370936689367,57,86.30699999999999,2.916497777777778,-2.2666666666666657,1.024566111111111,6.4693025,1.5518341666666666,6,53.486233349089765,3,0.984468888888889,84.69630000000001,5.452800833333333,12.6855,1.8745333333333332,53,60,4.2,88,,
2020-08-27,151,6.54673253767386,1,75,2043.7930210325046,58.56666666666667,10.548100000000005,1.482724407250028,33.58392806866476,34.84241504202287,57,76.91099999999999,1.8983347222222224,-2.216666666666665,0.7406147222222222,6.744341666666667,2.0192002777777778,10,31.573656889312385,6,2.0948655555555553,89.4519,6.012400555555556,13.3008,1.37785,43,66,4.533333333333333,93,,
2020-08-28,121,4.1770177164095,,71,2081.0540152963667,,6.967100000000002,1.300228081675994,24.244638911562333,48.93574547849522,55,85.2757,1.910381111111111,-2.1999999999999993,0.5767230555555556,7.690958333333334,1.726963611111111,10,26.819615609942442,5,3.4857294444444444,93.0329,7.123074166666666,12.6562,2.0667999999999997,60,77,5.483333333333333,85,,
2020-08-29,141,6.94243993260369,1,77,1897.3709369024857,111.25,11.599899999999991,2.0376661721117344,31.2572002107363,42.70784853999508,55,69.92660000000001,1.4595894444444444,0.05,0.7801902777777777,6.379847777777778,1.7523627777777777,13,26.034951249268612,4,2.394316944444444,88.40010000000001,5.606269166666666,12.7734,2.2750833333333333,42,64,6.433333333333334,59,,
2020-08-30,124,4.78290158565271,,74,1830.2700764818355,,22.796899999999994,1.1006368445291985,32.998346486294714,31.882886251593245,59,68.63289999999999,1.9355102777777777,-1.75,1.7654583333333334,7.268519166666667,1.8186469444444444,8,35.11876726211203,5,1.7571702777777778,77.2031,5.511327499999999,13.2129,7.786566666666667,36,61,5.516666666666667,80,,
2020-08-31,157,11.7850049130953,1,79,2557.026768642447,46.71666666666667,14.793400000000005,1.5397356188401583,22.45286251867594,35.24612336686441,56,56.5668,2.5619675,-2.833333333333332,1.095956388888889,7.144083611111111,1.3598611111111112,11,42.301014114459655,6,2.1346869444444443,85.2066,6.0565155555555545,12.4512,2.1629333333333336,30,67,4.316666666666666,68,,
2020-09-01,161,10.3115780756532,1,80,2244.130019120459,57.0,20.632599999999996,1.8254935147959939,27.042031074446527,37.50209095952739,57,78.83,1.6956750000000003,-1.533333333333335,1.2502286111111112,6.025767777777777,1.2932833333333333,11,35.455877966026094,5,1.7935349999999999,79.3674,4.782493333333333,13.1836,0.0,47,51,4.5,78,,
2020-09-02,155,8.45623531158802,1,77,2158.6806883365202,61.7,8.776399999999995,1.2138130918339796,29.933523950049047,38.59810960529139,58,73.9589,1.8857841666666668,-2.0500000000000007,0.6058616666666666,6.590800555555556,1.7938066666666665,8,31.46836644465957,6,2.3130436111111115,91.2236,5.992634444444445,12.4805,1.2977666666666667,46,62,4.533333333333333,85,,
2020-09-03,154,9.61046202494995,1,80,2189.720363288719,68.85,12.0394,1.4794441711810604,35.809196382375696,37.923552966941294,61,72.8236,1.5545047222222221,-2.3166666666666664,0.8494347222222223,6.7592952777777775,2.119200277777778,10,26.267250650683,6,2.244328611111111,87.9606,5.9180336111111105,12.8906,1.8745333333333332,43,65,4.433333333333334,91,,
2020-09-04,126,5.24110479118432,,74,2067.1988527724666,,9.023600000000002,1.8949269759435639,32.403896532944614,33.38232776822345,61,88.3133,2.29967,-2.3500000000000014,0.6751191666666667,7.3881475,2.1780194444444443,14,34.213775698831924,5,2.243784444444444,90.9764,6.721473888888889,12.5098,0.0,68,71,5.033333333333333,89,,
2020-09-05,143,9.20013996084821,1,80,2122.6242829827916,105.58333333333333,16.810999999999993,1.2858636525546405,34.330618564186715,41.794092202737055,58,89.08290000000001,1.2248180555555557,-0.6833333333333336,1.098362222222222,6.2214994444444445,1.7611833333333335,8,23.875289233076227,6,2.1440644444444446,83.18900000000001,5.130065833333334,12.7148,3.28445,71,57,5.533333333333333,72,,
2020-09-06,151,10.1943126235943,,82,2240.9847036328874,,8.663299999999992,1.7709683791325435,31.21026229927118,34.218911726825496,61,71.43520000000001,2.310358888888889,-0.966666666666665,0.6665516666666667,7.340616666666667,2.0857733333333335,13,34.57082597390333,7,2.2868405555555555,91.33670000000001,6.682972777777778,13.0078,1.4259333333333333,49,72,6.366666666666666,75,,
2020-09-07,156,12.7704554496664,1,82,2388.209847036329,60.0,8.857500000000002,1.1003674717926402,27.968882107118436,36.82436518716009,60,85.4597,2.624531388888889,-1.3500000000000014,0.733658888888889,8.179085833333334,2.0849752777777777,9,35.20675270572147,8,2.745118333333333,91.1425,7.454625000000001,13.125,0.0,71,82,6.833333333333333,80,,
2020-09-08,143,7.47619648240725,1,79,2123.754780114723,51.666666666666664,31.412599999999998,1.6323193084435097,25.653615876807713,39.71131791693991,61,86.8835,1.8919027777777777,-3.466666666666665,2.510900277777778,7.964128055555556,1.4013008333333334,13,34.63506620625236,7,2.1691875,68.5874,5.462391111111112,12.6562,0.0,66,62,4.5,57,,
2020-09-09,152,6.96751769281694,1,71,2049.842256214149,60.15,7.117199999999997,0.8258114400270499,21.759183815434806,38.08645205983822,53,107.235,2.7098066666666667,-2.7333333333333343,0.5259225,7.2655811111111115,1.4684127777777778,6,40.15436412472697,7,2.570254166666667,92.8828,6.748473611111112,12.1289,0.0,94,74,4.516666666666667,72,,
2020-09-10,136,8.88194739281441,1,73,2230.3656787762907,62.61666666666667,5.102399999999989,0.8095659815577122,30.04709340214593,46.1639570992002,53,88.28800000000001,1.6638461111111111,-2.833333333333332,0.4251230555555556,7.41137861111111,2.1015530555555557,6,23.788949498653864,5,3.228798333333333,94.89760000000001,6.9941975,12.4219,2.4673333333333334,70,79,4.566666666666666,83,,
2020-09-11,146,4.52840250184368,,70,1932.0793499043975,,7.363399999999999,1.01306366704143,27.96341632521237,41.54681105754421,56,84.86779999999999,2.2103744444444446,-2.3500000000000014,0.6553261111111112,7.896838333333333,2.0272247222222224,8,30.489772617243418,7,3.011961111111111,92.6366,7.249560277777778,12.9199,4.261783333333333,64,83,5.55,80,,
2020-09-12,142,10.2491268462331,1,77,2404.25430210325,91.33333333333333,6.316999999999993,1.244571894752501,23.272905854365156,32.58600939141081,56,76.9563,3.322643888888889,-2.133333333333333,0.5171008333333333,8.034891388888889,1.7518277777777778,10,44.14108475422404,6,2.452855555555556,93.683,7.5273272222222225,12.8906,0.0,52,89,5.9,83,,
2020-09-13,134,5.24586348554141,,75,1818.9101338432122,,10.659999999999997,1.2063255287534225,33.79542616092881,46.6371451459474,61,75.3772,1.4491558333333334,-0.8833333333333329,0.8924816666666667,8.289636388888889,2.5028755555555557,10,19.567428693123787,4,3.4539280555555556,89.34,7.405959444444445,12.9785,0.0,48,89,7.4,63,,
2020-09-14,140,6.92577151734837,1,74,2077.29206500956,55.1,16.7992,1.2176611604141738,32.457304150132046,33.3645040270955,54,83.3519,1.8531608333333334,-2.366666666666667,1.1550458333333333,6.569972222222223,1.7598533333333333,8,34.178191822772455,4,1.809042222222222,83.2008,5.422056388888889,12.7734,3.1883333333333335,58,67,4.2,68,,
2020-09-15,140,6.39548072107646,1,75,2003.3341300191205,56.75,17.123000000000005,1.346715753070356,28.68542450037535,39.92009522400981,58,82.91080000000001,1.725894722222222,-2.1833333333333336,1.1935524999999998,6.682924722222222,1.5769658333333334,9,31.39448027561483,6,2.1945858333333335,82.877,5.497446388888889,13.0078,2.980033333333333,55,62,4.5,78,,
2020-09-16,135,6.75804658355943,1,78,2065.5807839388144,42.03333333333333,10.168900000000008,1.283287141597507,24.20097629601308,48.79820703960623,56,67.7488,1.6940763888888888,-2.3999999999999986,0.7467675,7.013239444444445,1.5184097222222221,9,27.000816664380693,6,3.061681111111111,89.83109999999999,6.274167222222222,13.0078,1.73035,37,69,4.616666666666667,84,,
2020-09-17,125,4.76005486626381,,72,1812.8417782026768,,10.469399999999993,0.92133438052654,28.09332256492199,42.229984947694895,63,79.0075,1.7186625000000002,-1.9833333333333343,0.7280427777777778,6.512293611111111,1.6269649999999998,6,29.676692487383104,5,2.4456597222222225,89.5306,5.791287222222222,12.6562,2.6275666666666666,46,66,4.533333333333333,90,,
2020-09-18,186,15.960783746988,1,73,2719.8135755258127,45.983333333333334,6.155299999999997,1.2097548176469353,25.58978152663268,35.213631629670836,60,63.9632,3.0285272222222224,-1.3000000000000007,0.5499872222222222,8.266137777777779,1.9771963888888888,10,39.19658684369649,7,2.720783888888889,93.8447,7.726507499999999,12.7148,1.9706666666666666,34,87,6.966666666666667,81,,
2020-09-19,186,14.5992121426967,,81,2769.0965583173993,,17.6096,1.9314204461777948,33.21189592755143,27.437385747685195,61,42.335499999999996,3.0044616666666664,-3.133333333333333,1.6959422222222222,9.319565833333334,2.535757222222222,18,39.35071832476337,8,2.0948683333333333,82.3904,7.635087222222222,13.0664,3.1562833333333336,18,86,6.183333333333334,66,,
2020-09-20,173,12.6093510221724,1,82,2367.6935946462713,28.166666666666668,7.9011,1.7716774196381508,34.16678509817793,23.118903638000948,65,53.9253,2.8686366666666667,-1.3166666666666664,0.6296602777777778,7.337678888888889,2.2945961111111113,13,42.71431126382112,6,1.552635,92.0989,6.7158677777777775,12.3047,2.739716666666667,26,76,6.016666666666667,81,,
2020-09-21,117,4.56036566539475,,73,1682.5908221797322,,16.378600000000006,2.819388679641835,35.79092732793528,14.504292923427013,68,81.088,1.598883611111111,3.0166666666666666,0.6890147222222222,3.901555,1.1513083333333334,11,49.70477974863772,2,0.4665683333333333,83.6214,3.216760277777778,12.5977,3.28445,46,36,6.916666666666667,45,,
2020-09-22,151,7.56696311840344,1,79,2071.7519120458887,48.95,10.039900000000003,1.4608925819211294,26.346095782423344,33.55835676342372,66,68.5369,2.2221344444444444,-1.8833333333333329,0.6259197222222224,6.160617222222223,1.460126388888889,9,40.09554745415294,6,1.8598369444444445,89.9601,5.542097777777778,12.8613,0.0,44,55,4.283333333333333,68,,
2020-09-23,147,7.1256997349769,1,78,2047.8107074569791,59.0,9.706599999999995,0.8468063756052019,28.07832315456154,53.467355287272426,63,101.339,0.9761772222222223,-2.283333333333335,0.6221702777777778,5.9045375,1.4852575,5,18.454321558166033,5,2.828259722222222,90.2934,5.289694444444446,12.7734,2.77175,85,57,3.6166666666666667,72,,
2020-09-24,146,7.35446908469258,1,79,2079.144359464627,65.16666666666667,14.765200000000007,1.899193333863863,28.463484429422248,43.44432008473981,60,95.6842,1.638991388888889,-2.6000000000000014,1.0184236111111111,6.8450113888888895,1.6606536111111112,13,28.09219548583794,6,2.534685,85.23479999999999,5.83433,12.6562,0.0,84,63,4.25,81,,
2020-09-25,136,6.02557380891777,1,79,2068.910133843212,66.98333333333333,14.415400000000005,1.1328126650613692,36.353102114998784,26.663322334167937,63,43.7624,1.9440577777777779,-2.7333333333333343,0.9304527777777778,6.179309444444444,1.9109166666666666,7,36.98357555083329,6,1.4015691666666668,85.5846,5.256543611111112,12.627,2.2430499999999998,25,58,3.45,86,,
2020-09-26,150,11.3581744443711,,83,2420.673996175908,,7.764400000000009,1.5222725386544464,26.69510718670064,44.42132877423256,59,85.2492,2.0855080555555556,-1.6666666666666679,0.6721699999999999,7.882951111111111,1.927492777777778,12,28.883564039066794,7,3.207396388888889,92.23559999999999,7.220397222222222,13.125,3.28445,77,78,6.216666666666667,64,,
2020-09-27,156,4.84299696259403,,74,1782.2633843212236,,7.561399999999992,0.8314339302182122,20.861786485429928,45.96729631416823,62,70.9693,2.202608333333333,-0.4499999999999993,0.5844772222222222,7.216448333333333,1.38526,6,33.17091720040185,6,3.052310833333333,92.43860000000001,6.640179166666667,12.7148,1.9867,53,75,6.766666666666667,59,,
2020-09-28,122,4.37558526139104,,70,1839.1610898661568,,5.598799999999997,1.3592069279280525,33.19696627244995,36.40944602609536,54,102.95899999999999,1.8871186111111113,-2.3500000000000014,0.4200391666666667,6.621508333333334,2.0611786111111114,9,30.3935877014547,2,2.260639444444444,94.4012,6.208936666666665,12.5537,2.6595999999999997,88,70,4.266666666666667,67,,
2020-09-29,126,4.75856353931913,1,71,1924.0822179732313,41.21666666666667,11.321300000000008,0.9458882836872107,24.456170060835102,31.33240875211954,55,71.95110000000001,2.8948352777777777,-3.1833333333333336,0.8598700000000001,7.400451111111111,1.601318888888889,7,44.21142118704536,4,2.051555,88.67869999999999,6.5477091666666665,12.4219,1.0093666666666665,53,72,4.216666666666667,65,,
2020-09-30,144,5.651881677417383,1,72,1703.9616395793498,59.86666666666667,14.144900000000007,1.082619709640642,30.93561466081494,36.93289474894455,56,69.8373,2.018390277777778,-3.1499999999999986,1.1154722222222222,7.389483055555556,1.9432694444444445,8,32.13149059024051,6,2.3199980555555557,85.8551,6.281657777777778,12.5977,4.373916666666667,50,70,4.233333333333333,75,,
